Lesley,Hegmann,Diamond Worker
Laila,Boyer,Logging Tractor Operator
Quinn,Smitham,Optometrist
Arielle,Dare,Transportation Manager
Ford,Upton,Insurance Appraiser
Sienna,Cassin,Radio Mechanic
Hiram,Reilly,Aircraft Structure Assemblers
Marlen,Dooley,Nuclear Power Reactor Operator
Luther,Feeney,Webmaster
Salma,Casper,Computer
Eugene,Hodkiewicz,Online Marketing Analyst
Magali,Hilpert,Aircraft Rigging Assembler
Davonte,Reichert,Clerk
Luigi,Cormier,Teacher
Cecile,Wuckert,Dot Etcher
Gust,Oberbrunner,Shampooer
Elmira,Jast,Library Technician
Makenna,Skiles,Freight Agent
Jayda,Murazik,Pile-Driver Operator
Nico,Lemke,Railroad Switch Operator
Reece,Mohr,Geological Data Technician
Lurline,Marks,Jeweler
Reanna,Berge,Coremaking Machine Operator
Elenora,Runolfsdottir,Material Moving Worker
Keely,Bogan,Bookbinder
Van,Beier,Recreation and Fitness Studies Teacher
Keara,Kub,Embossing Machine Operator
Tillman,Treutel,Pipefitter
Federico,King,Coaches and Scout
Sophie Trantow Ticket Agent
Rocky,Green,Gauger
Cesar,Kuphal,Forest and Conservation Technician
Cesar,Fisher,Airline Pilot OR Copilot OR Flight Engineer
Jayce,Koch,Food Cooking Machine Operators
Corrine,Towne,Food Science Technician
Sammie,Wisozk,Electromechanical Equipment Assembler
Edyth,Kessler,Pressing Machine Operator
Michel,Hand,Technical Director
Marshall,Heathcote,MARCOM Manager
Judah,Heller,Life Scientists
Malcolm,Collier,Chef
Chris,Rohan,Dot Etcher
Barney,Beatty,Metal Molding Operator
Pierre,Legros,Sports Book Writer
Mikayla,Harvey,Computer Hardware Engineer
Brigitte,Moen,Dental Laboratory Technician
Keith,Nader,Photographic Reproduction Technician
Courtney,Robel,Gas Compressor Operator
Eugene,Wisozk,Telephone Station Installer and Repairer
Lina,Little,Epidemiologist
Taya,Carter,Animal Husbandry Worker
Laura Metz Electronics Engineer
Natasha,Leannon,Barber
Garry,Bosco,Retail Salesperson
Eryn,Rodriguez,Tractor Operator
Russ,Schimmel,Woodworker
Reina,Oberbrunner,Brake Machine Setter
Jett,Weber,Electronics Engineering Technician
Torey,Hegmann,Financial Services Sales Agent
Angie,McKenzie,Engine Assembler
Elody Lindgren Fire Inspector
Karelle,Schuster,Stonemason
Hillary,Crooks,Executive Secretary
Sabina,Rosenbaum,Mechanical Engineer
Magali,Weber,Horticultural Worker
Bruce,Farrell,"First-Line Supervisor-Manager of Landscaping, Lawn Service, and Groundskeeping Worker"
Lindsey,Lind,Admin
Faye,Luettgen,Soil Conservationist
Adaline,Pfannerstill,Welding Machine Setter
Kade,Legros,Environmental Science Teacher
Webster,Pouros,Therapist
Maximo,Ratke,Fast Food Cook
Karina,Trantow,Farmer
Marcellus,Dickinson,Courier
Eve,Bergnaum,Boilermaker
Linda,Smith,Gas Pumping Station Operator
Flo,Hoeger,ccc
Magali,Kirlin,Medical Secretary
Tatum,Reinger,Supervisor of Police
Sid,Beahan,Airfield Operations Specialist
Ervin,Swift,Automotive Master Mechanic
Corrine,Doyle,Utility Meter Reader
Jimmy,Streich,Sound Engineering Technician
Alexander,Farrell,Silversmith
Douglas,Kessler,Percussion Instrument Repairer
Russell,Shanahan,Home Appliance Installer
Veda,Feil,Mathematical Technician
Pansy,Runolfsdottir,Transportation Inspector
Kory,Satterfield,Camera Repairer
Melyssa,Pagac,Product Safety Engineer
Otis,Kovacek,Costume Attendant
Murl,Wolff,Skin Care Specialist
Jazmyn Kling Stone Sawyer
Pietro Willms Library Worker
Meda,Jakubowski,Portable Power Tool Repairer
Willow,Howe,Sawing Machine Tool Setter
Hildegard,Ankunding,Hazardous Materials Removal Worker
Ezekiel Krajcik Purchasing Manager
Norma,Borer,Electronic Engineering Technician
Greta,Kunde,Production Control Manager
